{
  "0.0": {
    "precision": 0.7923076923076923,
    "recall": 0.9363636363636364,
    "f1-score": 0.8583333333333333,
    "support": 110.0
  },
  "1.0": {
    "precision": 0.8571428571428571,
    "recall": 0.6086956521739131,
    "f1-score": 0.7118644067796609,
    "support": 69.0
  },
  "accuracy": 0.8100558659217877,
  "macro avg": {
    "precision": 0.8247252747252747,
    "recall": 0.7725296442687748,
    "f1-score": 0.7850988700564971,
    "support": 179.0
  },
  "weighted avg": {
    "precision": 0.8173000184173369,
    "recall": 0.8100558659217877,
    "f1-score": 0.8018732443266103,
    "support": 179.0
  }
}