feature,importance
Sex,0.432450017882766
Fare,0.18248670309665313
Pclass,0.14790497539142858
Age,0.1108080996935689
SibSp,0.04959917033709115
Parch,0.04060645384528337
Embarked,0.0361445797532089
